{"acc": 0.7933283170303487, "f1": 0.7920394490616477, "precision": 0.7909222784325328, "recall": 0.7938226967080627}