{"acc": 0.8270629546024579, "f1": 0.8279201227517357, "precision": 0.8286592897375301, "recall": 0.8273055861024273}